{"cameraMode":{"drawMode":0,"name":"Shaded","section":"Shading Mode"},"sceneLighting":true,"audioPlay":false,"sceneViewState":{"showFog":false,"showMaterialUpdate":false,"showSkybox":false,"showFlares":false,"showImageEffects":false,"showParticleSystems":false},"in2DMode":false,"pivot":{"x":33.0343017578125,"y":-76.58363342285156,"z":6.542558193206787},"rotation":{"x":0.05045345798134804,"y":0.016443587839603425,"z":0.032136183232069018,"w":0.9980738162994385},"size":13.666971206665039,"orthographic":false}