{"cameraMode":{"drawMode":0,"name":"Shaded","section":"Shading Mode"},"sceneLighting":false,"audioPlay":false,"sceneViewState":{"showFog":true,"showMaterialUpdate":false,"showSkybox":true,"showFlares":true,"showImageEffects":true,"showParticleSystems":true},"in2DMode":false,"pivot":{"x":-0.05457258224487305,"y":-1.5432804822921754,"z":-0.037801072001457217},"rotation":{"x":0.0754026398062706,"y":0.05979793891310692,"z":-0.004529931582510471,"w":0.9953482747077942},"size":12.747384071350098,"orthographic":false}