{"cameraMode":{"drawMode":0,"name":"Shaded","section":"Shading Mode"},"sceneLighting":false,"audioPlay":false,"sceneViewState":{"showFog":true,"showMaterialUpdate":false,"showSkybox":true,"showFlares":true,"showImageEffects":true,"showParticleSystems":true},"in2DMode":false,"pivot":{"x":16.946197509765626,"y":14.98989486694336,"z":-210.6948699951172},"rotation":{"x":-0.059193264693021777,"y":0.21100248396396638,"z":-0.012802858836948872,"w":-0.9756076335906982},"size":0.7671793103218079,"orthographic":false}