{"cameraMode":{"drawMode":0,"name":"Shaded","section":"Shading Mode"},"sceneLighting":true,"audioPlay":false,"sceneViewState":{"showFog":true,"showMaterialUpdate":false,"showSkybox":true,"showFlares":true,"showImageEffects":true,"showParticleSystems":true},"in2DMode":false,"pivot":{"x":-5.322345733642578,"y":-1.4383442401885987,"z":860.3231201171875},"rotation":{"x":0.058243412524461749,"y":0.4450758695602417,"z":-0.029025902971625329,"w":0.8931252360343933},"size":26.80242347717285,"orthographic":false}