{"cameraMode":{"drawMode":0,"name":"Shaded","section":"Shading Mode"},"sceneLighting":true,"audioPlay":false,"sceneViewState":{"showFog":true,"showMaterialUpdate":true,"showSkybox":true,"showFlares":true,"showImageEffects":true,"showParticleSystems":true},"in2DMode":false,"pivot":{"x":0.8017702102661133,"y":-2.702853202819824,"z":-9.096034049987793},"rotation":{"x":0.007105669006705284,"y":0.9308496713638306,"z":-0.36488473415374758,"w":0.01809941790997982},"size":22.0,"orthographic":false}