{"cameraMode":{"drawMode":0,"name":"Shaded","section":"Shading Mode"},"sceneLighting":false,"audioPlay":false,"sceneViewState":{"showFog":true,"showMaterialUpdate":false,"showSkybox":false,"showFlares":true,"showImageEffects":true,"showParticleSystems":true},"in2DMode":false,"pivot":{"x":0.30949997901916506,"y":0.3230929374694824,"z":1.0889999866485596},"rotation":{"x":-0.07814469933509827,"y":0.3546820878982544,"z":-0.029761064797639848,"w":-0.9312402009963989},"size":1.654119849205017,"orthographic":false}